"InsuranceID","insurance_name","insurance_policy_number","insurance_phone_number","insurance_address","insurance_city","insurance_state","insurance_zip"
1,Kunde and Sons,402,"1(540)540-2121","565 Magdeline Park",Omaha,NE,"68144"
2,"Altenwerth, Simonis and Leannon",785,"1(727)420-3652","3829 Dunning Drive",Topeka,KS,"66629"
3,"Jacobs, Mraz and Murray",678,"1(502)919-2303","8 Petterle Terrace",Atlanta,GA,"30323"
4,Daugherty Group,941,"1(850)449-2072","3590 Florence Avenue",North Port,FL,"34290"
5,Bahringer and Sons,202,"1(901)464-8174","215 Cambridge Point",Washington,DC,"20470"
6,"Hegmann, Nicolas and Weissnat",408,"1(641)162-7589","69585 Hallows Alley",San Jose,CA,"95155"
7,Volkman and Sons,251,"1(907)368-9603","770 Pleasure Park",Mobile,AL,"36622"
8,McClure-D'Amore,203,"1(413)836-4464","423 Esker Place",New Haven,CT,"06510"
9,"Wiegand, Nader and Lynch",989,"1(551)196-5318","68159 Knutson Parkway",Saginaw,MI,"48609"
10,Schowalter and Sons,865,"1(713)977-5756","54428 Lake View Hill",Knoxville,TN,"37919"
11,"Predovic, Schmidt and Cummings",508,"1(415)277-8241","0 Thompson Parkway",Brockton,MA,"02405"
12,Vandervort Inc,508,"1(904)346-7577","8 Dryden Hill",Brockton,MA,"02305"
13,Keebler-DuBuque,713,"1(713)496-6211","116 Springs Road",Houston,TX,"77299"
14,Marks-Pfeffer,702,"1(202)894-8902","07963 Pawling Point",Las Vegas,NV,"89178"
15,"Rosenbaum, Johns and Ankunding",434,"1(904)624-6417","6 La Follette Terrace",Lynchburg,VA,"24515"
16,Ledner-Bode,239,"1(303)935-4954","21878 Jana Point",Naples,FL,"33963"
17,"Cormier, Douglas and Ebert",505,"1(716)390-6155","58279 Onsgard Junction",Albuquerque,NM,"87195"
18,Tremblay and Sons,850,"1(202)930-2535","0678 John Wall Road",Pinellas Park,FL,"34665"
19,Medhurst Group,912,"1(615)492-7443","339 Gateway Center",Savannah,GA,"31422"
20,Hyatt-Koch,203,"1(214)523-1164","3098 Esch Center",Bridgeport,CT,"06673"
21,"Zulauf, Dach and Raynor",317,"1(757)983-8323","14 Pennsylvania Lane",Indianapolis,IN,"46221"
22,"Hagenes, Prosacco and Halvorson",704,"1(612)880-9565","57630 Warbler Place",Gastonia,NC,"28055"
23,Gaylord-Ondricka,713,"1(605)996-6073","3415 Kings Way",Houston,TX,"77075"
24,Feeney-Gislason,215,"1(212)789-4449","07 Shoshone Hill",Philadelphia,PA,"19172"
25,"Pagac, Wisoky and Barrows",303,"1(661)240-4650","19 Spenser Court",Aurora,CO,"80044"
26,Hyatt Inc,806,"1(317)761-2409","1 Shoshone Trail",Amarillo,TX,"79188"
27,O'Hara-Casper,816,"1(786)673-8441","296 Melody Junction",Kansas City,MO,"64187"
28,Walker-Altenwerth,413,"1(815)450-9423","5 Tomscot Terrace",Springfield,MA,"01114"
29,Wilderman-Walker,203,"1(913)276-9499","7 Forest Alley",Stamford,CT,"06912"
30,"Stanton, Stiedemann and Hermann",414,"1(952)610-4685","6 Glacier Hill Trail",Milwaukee,WI,"53263"
31,"Welch, Medhurst and Robel",919,"1(801)743-7084","731 Welch Lane",Durham,NC,"27710"
32,Huels LLC,814,"1(319)449-7650","231 Katie Point",Erie,PA,"16550"
33,Schuster Inc,615,"1(602)430-3386","90 Arapahoe Court",Nashville,TN,"37205"
34,"Jones, Gorczany and Herzog",859,"1(850)744-4862","4334 Mockingbird Street",Lexington,KY,"40505"
35,McCullough-O'Hara,303,"1(530)489-9071","34 Ramsey Circle",Denver,CO,"80204"
36,Swift-Morar,212,"1(210)334-2816","053 Orin Point",Brooklyn,NY,"11254"
37,Hilpert-Rogahn,256,"1(212)522-9661","29741 Northfield Drive",Huntsville,AL,"35810"
38,Wolff and Sons,724,"1(917)402-3796","03 Warner Terrace",New Castle,PA,"16107"
39,Hegmann-Gutkowski,513,"1(806)381-2296","57341 Tennyson Circle",Cincinnati,OH,"45243"
40,Nienow and Sons,361,"1(406)211-4226","359 Commercial Court",Corpus Christi,TX,"78470"
41,Fahey LLC,917,"1(918)830-6189","8044 Oak Valley Circle",New York City,NY,"10045"
42,Gibson LLC,813,"1(912)296-3163","088 Sutherland Plaza",Tampa,FL,"33647"
43,"Pfannerstill, Bernhard and Hand",413,"1(803)984-9803","4808 Maple Wood Crossing",Springfield,MA,"01114"
44,Roberts-Wyman,971,"1(865)384-7608","6901 Melby Avenue",Portland,OR,"97240"
45,Hyatt Inc,850,"1(412)725-2049","553 Jackson Street",Panama City,FL,"32412"
46,Willms-VonRueden,718,"1(502)144-2477","687 Melvin Park",Bronx,NY,"10464"
47,"Bode, McGlynn and Okuneva",309,"1(859)222-7005","52 Onsgard Trail",Peoria,IL,"61605"
48,"Kilback, Bradtke and Keeling",702,"1(216)546-7462","61 Debra Center",Las Vegas,NV,"89110"
49,"Reichel, Terry and Abbott",202,"1(256)566-2105","852 Wayridge Way",Washington,DC,"20067"
50,MacGyver LLC,602,"1(320)479-7580","4519 Waxwing Alley",Phoenix,AZ,"85030"
51,"McDermott, Jacobi and Balistreri",407,"1(916)596-9896","5943 5th Plaza",Kissimmee,FL,"34745"
52,Becker and Sons,256,"1(918)671-5566","2 Green Street",Huntsville,AL,"35895"
53,Gulgowski and Sons,561,"1(251)171-8941","8969 Old Gate Place",West Palm Beach,FL,"33421"
54,"Keebler, Haley and Hessel",757,"1(256)917-3528","3 Anthes Place",Virginia Beach,VA,"23459"
55,Macejkovic LLC,304,"1(417)875-0396","47 Bay Drive",Huntington,WV,"25711"
56,Schimmel-Bogisich,202,"1(318)778-9891","7 Sherman Trail",Washington,DC,"20057"
57,Rutherford Group,404,"1(760)245-3070","0 Veith Park",Atlanta,GA,"30392"
58,Fadel Group,713,"1(812)496-6659","8143 Mariners Cove Street",Houston,TX,"77025"
59,Labadie and Sons,734,"1(813)800-5908","55284 Riverside Lane",Detroit,MI,"48258"
60,Lebsack and Sons,831,"1(850)201-9711","73419 Nelson Lane",Salinas,CA,"93907"
61,Nicolas Inc,754,"1(401)322-3729","0 Steensland Pass",Fort Lauderdale,FL,"33320"
62,"Kunde, Hettinger and Jacobs",484,"1(510)999-2637","94225 Lillian Street",Reading,PA,"19610"
63,Ledner-Jakubowski,713,"1(203)891-4365","4532 Vermont Lane",Houston,TX,"77075"
64,Bauch-Fay,515,"1(303)677-9372","37 Carberry Junction",Des Moines,IA,"50362"
65,Senger-Waters,508,"1(316)457-1777","84 Dixon Point",Brockton,MA,"02305"
66,"Stiedemann, Cormier and Feeney",805,"1(570)701-2661","0 Everett Plaza",Santa Barbara,CA,"93106"
67,Tremblay and Sons,651,"1(414)719-3169","01 Grayhawk Parkway",Minneapolis,MN,"55417"
68,Corkery Group,602,"1(718)760-0832","439 Sheridan Road",Phoenix,AZ,"85040"
69,"White, King and Lindgren",318,"1(916)535-4951","8533 Del Mar Lane",Boston,MA,"02104"
70,"Gutmann, Huel and Langworth",702,"1(214)561-6731","998 Ohio Alley",Las Vegas,NV,"89105"
71,Reilly-Donnelly,808,"1(678)816-2720","8 Maple Avenue",Honolulu,HI,"96810"
72,Ondricka-Schmidt,915,"1(347)552-2376","9822 Di Loreto Pass",El Paso,TX,"88525"
73,Reichel-Pouros,508,"1(210)891-8635","0 Quincy Plaza",Brockton,MA,"02405"
74,McClure Group,706,"1(916)923-9714","6890 Larry Road",Columbus,GA,"31998"
75,Kuhlman-Welch,952,"1(817)778-3727","595 1st Point",Young America,MN,"55573"
